headline,label
WE FUCKING ON THE AMAZON BASICS BED TONIGHT BABE,1
People are still doing BYND yolos lmao,1
"Leaked transcription of the China/US talks:

ü•≠: ""take down your reciprocal tariffs, and pledge investments like the UK or EU did""

üá®üá≥: ""no""

ü•≠: ""we'll lower our tariffs""

üá®üá≥: ""ok""

ü•≠: ""so you will take down your reciprocal tariffs and invest in the US ? ""

üá®üá≥: ""no""

ü•≠ to reporters : ""it was a very interesting discussion, with both parties trying to get to an agreement""",1
NFLX up 50$ because of stock split announcement that technically has 0 impact on value. Can't make this shit up.,-1
"As an AMZN holder, can‚Äôt help but feel like it‚Äôll be red by morning somehow üò≠üò≠",1
$AMZN IS UP MORE IN 15 MINUTES THAN THE ENTIRE GODDAMN YTD YOU CAN'T FUCKING MAKE UP THIS SHIT LMAOOOO,-1
GOOG gave up almost all the gains from yesterday,1
GOOGL is undervalued.  Should be $350,0
Every time Bearhunter writes LMAO ü§å a landmine is forgotten about.,1
#Imagine paying Seeking Alpha to read their AI generated garbage articles LMAOü§å,0
AMZN the GOAT,0
"#Ban Bet Won
---

/u/Chance-Philosopher68 made a bet that AMZN would go to 250.0 within **4 weeks** when it was 230.59 and it did, congrats fucker.

Their record is now 1 wins and 0 losses

[**Join WSB Discord**](https://discord.gg/wsbverse) | [**‚öî**](https://www.reddit.com/r/KarmaCave/)",1
Sold my fucking AMZN 235c 12/19 this morning. I‚Äôm sick.,-1
Finally...AMZN,0
Just told my coworker about 2x Amazon and he showed me 75k in amazon gains LMAO what a boss,1
Congrabulajuns to the retard who said to buy AMZN puts and to all regards who took their advice,-1
AMZN to $300 tomorrow is no joke.,0
I came like 9 times already and AMZN keeps sucking,1
"If you're mad about today, just know you could have yolod some stupid ass AMZN 267.5c's expiring tomorrow at close for .14 each and they're now worth around 3.30.",-1
How many times did they say AI on the RDDT call LMAO,1
That AMZN conf call was the most bullish thing I've ever heard,0
GOOGL gonna rip back to 290,0
#They should allow you to buy stocks on Klarna and pay 12 months later LMAOü§å,0
"TSLA: Triple miss - TO THE MOON

APPL: Double beat - CRATER",0
Wow I actually have AMZN and AAPL calls,1
I bought puts on APPL and AMZN. You‚Äôre welcome everyone,1
"My plays this week:

tech -> cash -> 0DTE puts -> 0DTE calls -> rkt calls.

Profit on literally every move. Exited AMZN too soon... whoops üòÖ. Still -- \~150k realized & tomorrow should be up \~150k on RKT if AH holds (+7%!). We take those.

Pretty solid week in the casino!",1
Good luck buying AMZN under 250 ever again,1
$AMZN $300 next week,0
The amount of people coping about buying BYND is absurd.,0
"Ideally  
NVDA 230  
AMZN 275  
GOOG 325  
AAPL 300  
TSM 350  
ORCL 375  
META 800  
RDDT 300  
TSLA 525",1
AMZN 270 open,0
"BIG TECH Forward PE:

Apple $AAPL: 35 PE

Nvidia $NVDA: 34PE

Microsoft $MSFT: 34 PE

Amazon $AMZN: 33 PE

Alphabet $GOOGL: 29 PE

Meta $META: 23 PE",0
"ORCL and META are borrowing tens of billions to fund these data center buildouts...

IF the AI bubble does collapse, those 2 will be the ones that take it the hardest (other than Open AI of course).

MSFT, AMZN, and GOOGL are funding most of this through their cloud cashflows; that's the huge difference.  Those 3 will be relatively insulated because they can always just pull back on the spending though you'd expect stock corrections in any AI bust scenario (i.e. some multiple contraction).

But ORCL and META are literally betting their companies on AI without the requisite business model for it, and that's where they have a lot more exposure.  The downside is far greater for those two if this doesn't work out...",0
"#America's international phone code is 1. We are number 1 baby. LMAOü§å

#‚ÄúPress 1 for FREEDOM.‚Äù ü¶Ö‚ö°",0
#Tomorrow will be another one of those days where SPY will rise 0.5% but 80% of stocks will be red LMAOü§å,0
#NVDA GANG Members checking in,0
WSB regards will finally afford NFLX shares lol,1
AAPL is acting SUS af,0
Bought AMZN calls at the bottom today. Big fucking win,1
I regret selling AMZN lol. FML ü§¶¬†,0
just look at AMZN saving it's load all year for this moment. so sweet,1
"AMZN of all the companies saving the market today was not on my Bingo card. Fucking hell, what a finish.",-1
Holy shit AMZN. I really am winning.,0
AMZN doing the right thing firing all those annoying tech bros. It deserves to be up 30%,-1
AMZN I‚Äôm gonna cum,0
There are officially no good plays left in the market. AMZN and GOOG were the last two and thats over now. Time to wait until the market pulls back.,1
"I Hate to join those annoying ass AMD regards. But.... $340 after earnings next week,",-1
Imagine being one of the idiots buying AMZN after hours.,0
So I bought 20 AMZN 11/07 235C at 3PM. Noice.,0
Load up on AMD calls tomorrow??,0
"Holy shit, I just listened to the AMZN EARNINGS CALL


EVERY EARNINGS CALL SHOULD BE LIKE THAT 

MY GOD, AMZN $400 NEXT YEAR",1
#calls on adderall and CELH. Only way I wakeup and go to the gym 5:50 in the morning,0
"had one of those gut instincts last night where the universe told me to buy AMZN calls. 

Feels good man.

LMAOü§å",1
"I fucking hate AMZN. Last quarter they beat earnings and drill team 6, now I finally buy puts and it‚Äôs shrek dick central",-1
"$AMZN | Amazon Q3‚Äô25 Earnings Highlights

üîπ Net Sales: $180.17B (Est. $177.82B) üü¢; +13% YoY
üîπ EPS: $1.95 (Est. $1.58) üü¢
üîπ AWS: $33.01B (Est. $32.4B) üü¢; +20% YoY - Growing at pace haven't seen since 2022

Q4 Guidance
üîπ Net Sales: $206.0B‚Äì$213.0B (Est. $208.45B) üü¢; implies +10% to +13% YoY; ~+190 bps FX tailwind
üîπ Operating Income: $21.0B‚Äì$26.0B (vs. $21.2B in Q4‚Äô24)

Segment
üîπ Online Stores Net Sales: $67.41B (Est. $66.93B) üü¢; UP +9.8% YoY
üîπ Physical Stores Net Sales: $5.58B (Est. $5.56B) üü¢; UP +6.7% YoY
üîπ 3P Seller Services Net Sales: $42.49B (Est. $42.05B) üü¢; UP +12% YoY
üîπ Subscription Services Net Sales: $12.57B (Est. $12.49B) üü¢; UP +11% YoY
üîπ North America Net Sales: $106.27B (Est. $104.96B) üü¢; UP +11% YoY
üîπ International Net Sales: $40.90B (Est. $40.77B) üü¢; UP +14% YoY

Other Metrics
üîπ Operating Income: $17.42B (Est. $19.72B) üòï
üîπ Operating Margin: 9.7% (Est. 11.1%)üòï
üîπ Fulfillment Expense: $27.68B (Est. $27.49B) üî¥; UP +12% YoY
üîπ Seller Unit Mix: 62% (Est. 60.7%) üü¢
üîπ Operating Income includes special charges: ~$2.5B (FTC settlement) and ~$1.8B (severance); ex-charges OI ‚âà $21.7B
üîπ Net Income: $21.2B (vs. $15.3B YoY)
üîπ TTM Operating Cash Flow: $130.7B; UP +16% YoY
üîπ TTM Free Cash Flow: $14.8B (down YoY, driven by higher capex)

CEO Commentary
üî∏ ‚ÄúWe continue to see strong momentum across Amazon as AI drives meaningful improvements in every corner of our business.‚Äù
üî∏ ‚ÄúAWS is re-accelerating to ~20% YoY with strong demand in AI and core infrastructure as we add capacity.‚Äù",1
damn RDDT and AMZN fuck. thank you spez and Bezos,-1
AMAZON I LOVE YOU,1
reddit having a seizure LMAO,1
All eyes on AAPL,0
AAPL just holding all the air in the room,0
Lol MSTR guidance assumes that Bitcoin would be 150k by December even though its basically flat since June,1
Good thing META bankrupted me because I couldn't buy any AAPL calls LMAO,1
"$AAPL | Apple Q4‚Äô25 Earnings Highlights

üîπ Revenue: $102.47B (Est. $102.19B) üü¢; UP +8% YoY
üîπ EPS: $1.85 (Est. $1.77) üü¢; UP +13% YoY
üîπ Greater China: $14.49B (Est. $16.43B) üî¥
üîπ Americas: $44.19B (Est. $44.45B) üî¥

Product revenue:
üîπ iPhone: $49.03B (Est. $50.1B) üî¥; UP +6.1% YoY
üîπ Mac: $8.73B (Est. $8.55B) üü¢
üîπ iPad: $6.95B (Est. $6.97B) üî¥
üîπ Wearables, Home & Accessories: $9.01B (Est. $8.64B) üü¢

Segment 
üîπ Products Revenue: $73.72B (Est. $73.49B) üü¢
üîπ Services Revenue: $28.75B (Est. $28.18B) üü¢

Other Metrics:
üîπ Cash Dividend Declared: $0.26/share
üîπ September quarter records for total company revenue, iPhone revenue, and EPS
üîπ Services revenue reached an all-time high

Commentary:
üî∏ ‚ÄúSeptember quarter revenue record of $102.5 billion, including a September quarter record for iPhone and an all-time revenue record for Services.‚Äù ‚Äì CEO Tim Cook
üî∏ ‚ÄúRecord fiscal year with revenue reaching $416 billion and double-digit EPS growth; installed base of active devices at an all-time high across all product categories and regions.‚Äù ‚Äì CFO Kevan Parekh",1
No one bought the iPhone Air... that's why the estimates fell short. AAPL GG,0
"lmao of course this week I sold my AAPL calls and BE calls right before earnings

and then accidentally held calls through a few other earnings that dumped because I wasn't paying attention

probably around a 10k swing on my acct as a result

I really am the window licker on the short bus",0
AAPL guidance: ‚Äúlol ber r fuk üçè‚Äù,0
Happy birthday to all AMZN bulls,1
"Honestly, AMZN should rocket 20% overnight.",1
Anyone else play MSFT and META and skip out on AAPL and AMZN‚Ä¶ I belong here,1
AMZN really out here rubbing salt on my META wounds,0
"https://preview.redd.it/g3g8ul7nqbyf1.jpeg?width=1290&format=pjpg&auto=webp&s=53e4cf048f033a1af610cce8bf8e36eadd541de1

These AMZN calls are going to print. Pumped for market open",0
lol AMZN blew it out and their PE is lower than pre earnings. Love to see it.,1
"For anyone new, today is a great day to go back and read the daily thread's opinion on AAPL/AMZN, and RDDT and realize people are clueless and fearful.",0
"DO NOT SELL RDDT AT MARKET OPEN, THEY ABSOLUTELY CRASHED IT. THIS BOY IS FLYING BACK TO 260 MARK MY WORDS",0
# I HATE MYSELF FOR SELLING MY 200 AMZN SHARES AT 228 TODAY. FUCK YOU. JUST FUCK YOU.,-1
LET'S GO AMZN!!!,0
AMZN GOD BLESS,1
SAVE THE MARKET JEFF YOU'RE OUR ONLY HOPE,1
AMZN saving my account,0
"#HOLY SHIT AMZN!

spy calls PRINTIN",-1
RDDT IS BACK BACK. THAT WAS A FUCKING RIDE MAN FUCK YOU,-1
RDDT LMAO,1
NFLX stock split? xD +3% AH. THANKS FOR BUYING THE DIP LMAOOO,1
Is AMZN what GOOG was six months ago?,0
my anoos is so fuckin clenched for AAPL,0
this slow melt up of buying on AAPL is tweaking me out,0
Got burned buying AMZN puts one minute before market close. FML,0
So happy I bought RDDT today instead of APPL or AMZN.,1
AMZN isn‚Äôt building a super computer for shits a s giggles,1
AMZN AAPL fresh all time highs,1
#If I had a dollar every time Amazon pumps in the after hours just to fade next morning.... LMAOü§å,0
AMZN cracking 300 before GOOG would be hilarious.,1
And some legends say that AMZN is even still going up,0
AMZN to 280 ($3 trillion market cap) is the most obvious trade for the next 3 months.  Feels so obvious.,0
AMZN underpriced bigly,0
Shoulda bought AMZN instead of RDDT,0
#Sydney Sweeney tho LMAOü§å,0
"RDDT has a higher short float than BYND meat

Do what you will with this information",0
I hope the guy who sold me the AMZN 11/7 245s at the bell sleeps good tonight. I owe him.,1
"HIMS and uber bleeding me dry.

Meanwhile, sold Sofi, RKLB, and AMZN too early.

Fml",0
"Just ate a microwaved bag of edamame from costco.  Healthy, cheap, and delicious.

Edamame is just a young soybean, harvested before it is fully ripe.  I look on the bag?  Product of China.

Soybean farmers are actual soyboys.  Just pick your shit early and sell a product that someone actually wants instead of your dried out shitbeans.

Calls on COST, +1 Social credit for GYNA, Puts on soybean farmers. SPY 686",1
##AINT NO LAWS WHEN YOUR DRINKING CLAWS,-1
Can finally sell NFLX puts without putting up a house as collateral. Thetagang gonna eat,0
GOOG‚Äôd better go back up tomorrow and follow Amazon. How did the post slam dunk earnings pop get cut in half today? Shit was weak,-1
"So the weird thing to me is GOOG. Crushed earnings. Was spotted at 300 pre market yesterday. 

Fear drove it to 281 but since Amazon also crushed its recovering.

Calls on Google.",-1
"An AAPL pamp to 300, however unlikely, would make me smile bigly.",1
"Shorted AMZN at 250, that was not the play lol",-1
"If you lost money today you should feel bad. ER scoreboard of the ones the shitposters were meming about all day

\---

AAPL: +3.5%  
RDDT: +11%  
RKT: +9.6%  
AMZN: +13.1%",-1
"$AMZN earnings out

\*AMAZON 3Q EPS $1.95, EST. $1.58

\*AMAZON 3Q NET SALES $180.17B, EST. $177.82B

\*AMAZON 3Q AWS NET SALES $33.01B, EST. $32.39B

\------------------------------------------------------------------------  
\*AMAZON SEES 4Q OPER INCOME $21.0B TO $26.0B, EST. $23.78B

\*AMAZON SEES 4Q NET SALES $206.0B TO $213.0B, EST. $208.45B",-1
AMZN saved the market,1
Who would‚Äôve thought that AMZN would save the stock market,1
AMZN up 10% already,0
"AMAZON SEES 4Q NET SALES $206.0B TO $213.0B. EST. $208.45B
AMAZON'S JASSY: AWS GROWING AT PACE WE HAVENT SEEN SINCE 2022
$AMZN",-1
"I was gonna buy AMZN calls, but I chickened out...",0
"# FUCK U BER 

# THE SHOW GOES ON",-1
"Told my wife, if AMZN shits the bed, she has to buy me Death Star Lego and delete AMZN app from her phone. I will not be getting the Death Star now ü•∫",-1
"BULL MARKET, thanks AMZN and NFLX",1
Shouldve known bought in AMZN. Laying off tens of thousands of workers for the next few years is very bullish!!,0
AMZN saved me,1
"AMZN AWS revenue grew 20% this quarter, beating expectations of 18%. This is while massive amounts of competition for datacenters keeps mounting from neoclouds and the MAG7 and, yet, the demand keeps outpacing the supply. NBIS earnings November 11 üêá‚è±Ô∏è",-1
"No position, but want AMZN to give it all back for a good laugh.",1
"AAPL Q4 Earnings Out:

‚Ä¢EPS: $1.85 vs $1.77 est ‚úÖ

‚Ä¢Revenue: $102.47B vs $102.19B est ‚úÖ

‚Ä¢Services Revenue: $28.75B vs $28.18B est ‚úÖ

‚Ä¢Greater China Revenue: $14.49B vs $16.43B est üî¥

Solid overall, though China came in below expectations.",0
Wow Apple got the MSFT treatment,1
"AAPL:  **Earnings per share:**¬†$1.85 vs. $1.77 estimated

**Revenue:**¬†$102.47 billion vs. $102.24 billion estimated",0
Looks like inverse reddit was the play on AMZN :(,1
AMZN drifting higher.,0
Hell yeah needed that AMZN +12%,-1
My AAPL calls only doubled WTF,-1
OPEN THE CASINO COWARDS!!! MY TQQQ CALLS BOUGHT AT CLOSE HAVE 4X'D!!!,0
SPY 700 MEME IS BACK ON SCHEDULE,0
Glad I went heavy on AMZN calls and only bought 1 AAPL put‚Ä¶,1
AMZN jizzing all over bers,0
Why couldn‚Äôt MSFT and META do what AAPL and AMZN doing today? Seems like god really hates me,0
AMZN 260 incoming,0
AMZN and GOOG make money and aren't losing market share to open these nuts and AI ABC quantum garage Inc???? üòÆüòÆüòÆ,-1
GOOGL to 300 by end of next week. Lez go!,0
+120K (104%) on my 235C Jan 16 AMZN option. Going to take my profit tomorrow morning.,1
"Aaand I'm back to flat on the day

LMAO bers",1
TSLA gap up opening at $470 tomorrow,0
Imagine if Google didn‚Äôt open source their solution to AI in 2017. They could‚Äôve bought NVDA and be the first 20tn company.,1
AMZNüî•üî• LETS PUT THE HEAT ON THE BERS,0
"So many safe plays this year (GOOG, AMD, AMZN, AAPL,‚Ä¶) but some of you regards yolo into a fake meat company? Lmfao",1
"$ALT looks primed for a breakout soon.¬† Late Breaking data & oral presentation @ AASLD nov 8-11.¬† Obesity phase 3 ready. MASH resolution & fibrosis improvement best in class at 24 weeks once FDA accepts NITs any day.¬†¬†


Renewed bidding wars between pfizer and Novo for a phase 1 obesity asset the same day Lilly announces their glp1 is the best selling drug in the world.¬†¬†


GS has been suppressing this SP indiscriminately to protect the market for their customers NOVO & LILly.¬† A huge risk reward value only days away from business updates¬† AND key oral presentation at THE liver conference of the year.¬† Now is the time to load up!¬† This drug pemvutide is next generation.¬† Better quality weight loss than good diet and we exercise(21% lean muscle loss vs 24% good diet & Exercise), great tolerability due to proprietary euport technology, 74 % liver fat reduction.¬† 6% weight loss at 24 weeks. Its a healthy new liver for all drinkers with a side of weight loss.¬†¬†",1
AMZN is goanna make me rich when the market opens.,1
"AMZN hit it out of the park

Congratulations to everyone who has held (and that one guy who full ported at 213!)

I have been wrong on this one. Next time blink or something Mr Andy",1
have MSFT $600 12/5 calls.. am I cooked chat?,0
My Roth is going to jump like 50% tomorrow thanks to AMZN calls,1
#Red Dead Redemption 2 is based on true story LMAOü§åü§†,-1
I just now checked AMZN I bought calls at market open today holy FAWK,0
Upvote this for AAPL Puts,0
If AMZN hits 300 end of year I can retire,0
"#2 days ago Amazon laid off 30k people and now announced great results. Layoffs will accelerate next year. 

#LMAOü§å",1
I had no positions in AMZN and AAPL but I spent whole day today scaring people into paper handing their calls. AITAH,-1
Tomorrow TACO gonna announce all SNAP recipients will get a 100 pound sack of spoiled soybeans....they can figure out what to do with them.  He wuvs farmers!!!!,0
I bought 200 AMZN 1 minute before close. It looks like that might have been a good move,1
Can I refund my AMZN puts I bought it only 3 minute ago,0
"AMZN soaring, but will probably open at 3% üòî",0
AAPL. Hello? Forget about earnings call?,-1
GOOG feel free to stop sucking ass and join AMZN. did you forget you also killed it?,-1
why THE FUCK are CNBC going on and on about AMZN instead of the most important company in the world (RDDT)?,-1
Now the poors can trade NFLX options ü•∞,0
You ever cum and nothing comes out? That's how it feels to hold GOOG shares post earnings pop,1
AMZN to a million baby,0
Why didn't NFLX announce its stock split during their ER?,0
AAPL the last remaining titan to seal the V. Will it happen? Or will it tank the entire SPY back to the depths of hell (666)? Tune in in 9 minutes!,-1
"AAPL hurry up, its almost the boomers bedtime",0
Why the NVDA move opposite the QQQs in the after hours?,0
AMZN opening at +15% tomorrow,0
Is AAPL poopin good for GOOG? Asking for a friend,1
AAPL missed on iPhone revenues,-1
Buffet slurping the dip on AAPL,0
WAIT TILL 5 FUCKERS AAPL GONNA COME BACK,-1
what's AMZN doing sacrificing goats?,0
Fuck my AAPL puts I guess! üò≠,-1
"Amazon well deserved, AAPL, not so much. I'd bet AAPL gives most of it up tomo",1
AAPL might run to $300 tomorrow,0
Now if MSFT and NVDA would hop on the train..,0
!banbet NVDA 210 1d,0
All of AMZN‚Äôs YTD gains came from the last hour,1
AMZN steam hasn‚Äôt stopped LFG,-1
CAN WE GET MUCH HIGHER HIGHER,0
"Zuck deleted my gains for the month, AMZN gave everything back and much more. everything in 24h",1
!banbet GOOGL 300 2w,0
AMZN to 300 before goog,0
"AAPL stop playing with my emotions. At close they killed me, 10 minutes later hope again, an hour later, killing me again.",-1
"I literally flipped a coin for either AMZN or AAPL calls. and fate said AAPL. Now ive had such a roller coaster of ""Im fucked, I got a chance! Im fucked again!"" If AAPL doesnt hit $290 tomorrow i will remain fucked.",-1
"China gonna buy 1/2 the beans they did before and TACO thinks tells the Badge of Ignorance crowd redhats it's a great deal. 



XI gave him a bag of magic beans to take home with him to plant in the concrete Rose Garden now that it's winter coming....moron will be out there tomorrow morning doing it....",1
I knew buying to 50 gallon drums of sex lube on AMZN would boost their revenues!,1
i will open thanksgiving dinner with a speech honoring SIR WILLIAM BEARHUNTER LMAO ü§å,1
"Apple @ p/e 41 has to be perfect to justify its price.

Its a luxury product in a time where money is tight for people going into holiday season.Tim Apple has some balls saying it will be a great xmas season lol.

FWIW , UPS laying off 31k operations ain't a good sign.  Apple uses UPS for fulfillment.  Less boxes, if I had to guess its going to be less luxury ( LULU, AAPL etc.. ) and more essentials.

Also, iPhone Air miss is bizarre to me... they usually don't fuck up market research that badly.",1
"Fuck dude, $AMZN is no longer lame",-1
NFLX splitting 10 for 1‚Ä¶. Now at least I can sell covered calls and make money while it rolls sideways.,0
You guys like pumpin memes? How bout this thing called BTC? LMAO,1
Everyone telling me to sell my 300 shares of GOOGL.  I‚ÄôM NOT DOING IT.,1
##FUTES STRAIGHT AND REAL,1
I LOVE YOU RDDT,1
I full ported MTSR thinking it was MSTR feels good,1
"AMD earnings Nov 4 and the day after is going to be insane with the tarrif case starting Nov 5. 

Taco is going to lose his shit and fuck markets on the ‚ÄúSCOTUS BEING A FAKE ORGANIZATION‚Äù but honestly the SCOTUS is stacked conservative so he might be fine. 

Check it yourself and weigh the volatility. 

Vix will go retarded on it.",-1
"AAPL:  we have no exposure to AI at all

Market:  they said AI!  *stock up 4%*",-1
AAPL please reverse Zuck the Cuck's damage and please ban him from your golf courses.,-1
GOOGL being up only 2.5% after those earrings is INSANE,-1
AAPL $290 EOD tomorrow.,0
Just need AAPL to drop 8% more now. Come on üò≠,-1
AMAZON AND APPLE THE BEGINNING OF ANOTHER FIVE YEAR BULL RUN,0
This Tequila Old Fashioned messing me up.  Celebrating my 40k profit on GOOGL.,1
AMZN to the rescue,1
"#Ban Bet Won
---

/u/Impressive-Ad-2621 made a bet that AMZN would go to 240.0 within **3 days** when it was 227.01 and it did, congrats regard.

Their record is now 1 wins and 0 losses

[**Join WSB Discord**](https://discord.gg/wsbverse) | [**‚öî**](https://www.reddit.com/r/KarmaCave/)",1
AMZN saving the market thanks Jeff Amazon,1
YES MY AMZN CALLS ARE PRINTING!!!!! üíéüíéüíé,1
It‚Äôs been so long since I‚Äôve seen AMZN do this. Beautiful to see,1
AMZN holy fuk LMAOOOOOOOOO,0
"#Ban Bet Won
---

/u/Dismal_Foundation784 made a bet that AMZN would go to 244.75 within **4 days** when it was 228.74 and it did, congrats autist.

Their record is now 1 wins and 1 losses

[**Join WSB Discord**](https://discord.gg/wsbverse) | [**‚öî**](https://www.reddit.com/r/KarmaCave/)",1
"Congrats to all AMZN now sell at open or after first bounce, or you will end up like me losing out several grand on GOOG calls",1
what about AAPL,0
Ok AMZN pop off queen,1
$AMZN my small dick is less small right now,-1
Of course WSB was bearish on AMZN ü§£,0
Sold AMZN to enter META dip üòÇüòÇüòÇ,0
I guess AAPL earnings so big they can't find their way to the phones.,0
$NFLX 10:1 split,0
LMAO at those who thought they make money with RDDT calls and get hard cucked,1
AAPL to 300 tomorrow!,0
OK we if get good AAPL results (and the new phone is good right? its got buzz?) We can save Q3 and this season. LETS GO TIM APPLE,1
NFLX stock split ?,0
IM ORDERING 100 GREEN DILDOS OFF AMZN RIGHT NOW,0
NFLX with the 10 for 1 stock split,0
Might get lucky with NFLX lotto calls tomorrow but it would be nice if GOOG and MSFT join the fuck fest too,1
lol had NFLX calls for split for ER then dumped them and now they announce ü§°,0
the NFLX after hours is literally an N shape rn,0
Now it‚Äôs time for AAPL to throw the dirt in ber‚Äôs grave,-1
When does MSTR report ?,0
GO GO ZUCK make me rich !!!!,1
"good luck AAPL, save america",1
"Well guess I'm fucked, flipped a coin and choose AAPL instead of AMZN.",-1
"$AAPL - *APPLE 4Q EPS $1.85, EST. $1.77  

*APPLE 4Q REV. $102.47B, EST. $102.19B  

*APPLE 4Q SERVICES REV $28.75B, EST. $28.18B  

*APPLE 4Q GREATER CHINA REV. $14.49B, EST. $16.43B",-1
Told you AAPL was gonna dump,-1
AAPL canceling out AMZN lol,1
"HOL' UP IS IT CLIMBING BACK UP? 

NO THE RED DILDO SLAPS TIM COOKED ACROSS THE FACE AGAIN",-1
AAPL dragging SPY down with it. this is not fair.,-1
Just keep going up AMZN üí¶,0
I'm new here. Are my AMZN puts cooked?,0
AMZN and GOOG with the clutch this season. Saving SPY from getting completely fucked,-1
You guys are retards. NVDA will hit 420 before next bear market!,0
AAPL said f your puts,0
Got talked out of buying AMZN fds right before close by my coworker and missed out on a 7x I‚Äôm gonna kill myself,-1
"#Ban Bet Won
---

/u/ChatpataMatarParatha made a bet that AAPL would go to 282.22 within **1 day** when it was 271.37 and it did, congrats you fuckin nerd.

Their record is now 1 wins and 0 losses

[**Join WSB Discord**](https://discord.gg/wsbverse) | [**‚öî**](https://www.reddit.com/r/KarmaCave/)",1
"Attention $AMZN bulls

Congrats

but

Y'all sure Jassy ain't gonna fuck this up on the call...?

<Morgan Freeman meme> Good luck",1
"#Thank god it's friday. *unzips and takes off pants until monday*

#LMAOü§å",1
What is the MRVL news?,0
Lol so what did smart money not see in the AAPL report at the bell that they saw 10 minutes later? Went from down 2% to up almost 5%,1
"Well, looks like my AMZN 260c for end of November should print",1
"What a fucking roller coaster on my AAPL calls. they still arent making money, but at least they arent worth 0 at the moment...",-1
AMZN in earnings saying going to increase spending on AMD(Along with Nvida)? AMD to üöÄ‚û°Ô∏èüåô,1
Andy spitting real fire. LISTEN CLOSELY MARK CUCKERBERG... THATS HOW YOU DO EARNINGS REPORTS.,-1
CAN SOMEONE PUMP MSFT TOO PLEASE IT DID WELL ITS NOT A BAD COMPANY I PROMISE,1
"$2.5 trillion businesses move 14% after earnings; just feels like the twilight zone.  We're getting $300+ billion moves on the regular these days on earnings or NVDA partnerships.

This is why you have to try to ride a bubble as long as you can.  Even if you sell after the top, there's too much money to be made on the way up.",1
"damn I almost went 6/6 with calls on UPS, UNH, GOOGL, META, AAPL, AMZN... META was the only miss",-1
AAPL needed to layoff +14k to get what AMZN got,0
"Bers LMAO, did you learn anything yet?",1
"QQQ is simply a zero sum game, dump META pump APPL/AMZN, expect META to go lower!",-1
Well my future is no now %100 reliant on AMD pumping to 275+ by earnings.,0
Cmon I need more FOMO after $NFLX stock split announcement. Pump my foakin cooked calls to at least 1200,0
If AAPL hits $1000 I can early retire üôè,0
Bought back NVDA at 203.5 and 204; we're gonna see 210 again.,0
MSTR crash after the BTC earnings üò±,-1
lets gooooo AMZN my calls will PAY tomorrow. wonder how much more upside there is here,-1
"They weren‚Äôt gonna let us hit 7000 this early with NVDA yet to report, intentional bleed to calm things down with the gap up we just had",1
#Not many sexy halloween costumes this year LMAOü§å,1
NFLX options are about to get a lot more liquid. Good news for degens!1,1
I will not tolerate any disparaging comments about bald men until I cash out on my bullish AMZN positions.,1
"Looks like the BYND hype post faded. An angel gone too soon. Rest in Losses, regards",0
"So glad I bought yellow shiny rock during the 2 weeks it went down. 

But getting my money back from AMZN and spy",1
WHY TRADE WHEN YOU CAN OWN #AMZN üöÄ,0
those of you who use IBKR how do yall deal with the lag for option prices? Its so annoying even the ones in my portfolio the P/L is always so behind,-1
"So nothing has changed and MSTR goes back to its opening price, cool",1
NFLX really‚Ä¶,0
NVDA is the new federal reserve¬†,0
My MSTR calls might go from -40% to +40% tomorrow lmfaooo,0
"Anyone else think NOK is the play here? I think the NVDA deal was just the beginning from them...

I see them as the next Intel.",1
Anyone think AAPL is going to continue to melt up tomorrow?,0
"NQ +1.11% ALREADY

MASS EXTINCTION EVENT INCOMING",0
"AMZN AND GOOGL GO BRRRRRRRRRRRRRRRRRRRRRRRRRRRRRRRRRRR

WHEEEEEEEEEEEEEEEEEE",0
Okay the NFL game is done! OPEN THE CASINO üé∞!!!,1
"NFLX stock split, time to load uppp!",0
RDDT please announce partnership with OpenAI or NVDA lol,1
AAPL DELISTED from nasdaq BY OPEN,0
"Bought AMZN last earnings, it tanked, bought meta this earnings it tanked, bought Lulu falling knife, bought MSFT call earlier this year at 400 then proceeded to go lower. I‚Äôm done.",-1
"Thanks to AMZN, the hooker I see this weekend will be a lot hotter than JB's wife",1
#Did Amazon announce a partnership with OpenAI? LMAOü§å,0
"October 2021 - Inflation is 6%, cash is a horrible investment, buy the DIP


November 2021 - GET OUT OF CASH NOW AND BUYBUYBUY 


If you stayed (or was retarded enough to buy) stocks in November 2021 you spent all of 2022 WISHING you had been in cash and getting ""fucked"" by inflation. Valuations do correct. I know the chart speaks to you, and you're now a wallstreet god, but that's what everyone that died in 2022 thought. Meta $90 shares tasted great, and noone thought it was possible. Fucking single digit PE and people here STILL didn't want them.",1
#Roku is broku LMAOü§å,0
"Interesting, Citadel Securities just took a 14% stake in CCCX (Infleqtion) one of NVDA's quantum partners",1
BYND reports earnings next week. Let‚Äôs see if we can reach 0,0
"Already the retards in here frothing at the mouth to FOMO into a stock that just went up 10%

These people did not pay attention to what google just did and what NVDA just did? Bags are being held right now",0
#This place is like a wild west saloon. The only thing we are missing is someone playing piano really fast. LMAOü§å,1
#NVDA GANG Members checking in,0
"RDDT is back!

QQQ +2% tomorrow! MAGS +3%!",0
#Buying the dip is what separates us from savages LMAOü§å,-1
"AMZN and AAPL both up after earnings.

SPY ATHs tmrw.",0
AMZN gains will sell off pre-market tomorrow.  Sorry bols...,1
TIM APPLE: SIRI WILL BE ABLE TO CALCULATE BASIC MATH SUBTRACTION IN 2027,0
AMZN going to pull a GOOG and be +2% by open.,0
I highly doubt AAPL holds these gains for long. Probably the most unappealing stock to own up in the stratosphere like that.,1
"I bought AAPL calls because I hate AAPL.  I hate AAPL because they are everywhere and brainwash children into thinking phone = AAPL and AI = AAPL.

You know who I don't hate?  Motorola.  Because they're fucking irrelevant.",-1
It never fails to entertain me how much the market loves stock splits. NFLX gonna moon,1
#it should be illegal to work on rainy days LMAOü§å,-1
Tomorrow bears will lose their ports and their food stamps LMAO ü§åüèªü§åüèªü§åüèª,1
#0DTE QQQ CALLS AT OPEN üá∫üá∏ü§å,0
#Wen pump? LMAOü§å,0
AMZN just kicked off the Santa Rally!,0
#Amazon will fade by open. It always does. LMAOü§å,0
#Everyone is a gangsta until America restarts nuclear tests LMAOü§å,0
INTC lmao,1
AMAZON LETS GO,0
AMZN SHREK,0
"#Ban Bet Won
---

/u/Commercial_Seat_3704 made a bet that AMZN would go to 237.37 within **2 weeks** when it was 215.79 and it did, congrats gigabrain.

Their record is now 1 wins and 5 losses

[**Join WSB Discord**](https://discord.gg/wsbverse) | [**‚öî**](https://www.reddit.com/r/KarmaCave/)",1
Lets get 300 AMZN,0
"AMZN bersüòÇüòÇüòÇ 

LMAOü§å",0
"$AMZN SEES 4Q NET SALES $206.0B TO $213.0B, EST. $208.45B",-1
AHAHAHAH YES GO AMAZON,1
"FUK EM UP, AMAZON.",0
$250 AMZN calls are looking fine right about now‚Ä¶. How about in 16 hours?,1
HOLY SHIT AMZN IS STILL GOING,-1
"AMZN bers, show yourselves.",0
Now waiting on AAPL to seal my fate. My AMZN calls though üòé,0
I stand by my comment yesterday that AMZN will be $275 by Black Friday.,0
COME ON TIM APPLE JOIN AMZN,1
Cmon AAPL let‚Äôs complete the big three boom!,0
My only regret is I didn't buy more AMZN calls,-1
üò≠ why was i too big of a pussy not to double on my AMZN calls today FML ü§¶‚Äç‚ôÇÔ∏è,0
"$AMZN laid off 14k and stock up 10%, green af!",0
"I lowkey had a feeling AMZN was gonna pop off, both AMZN and MSFT are competing for AI cloud infrastructure. So if one‚Äôs stock price tanks, then the other is gonna pop.",0
"Calls on AMZN, AAPL, RKT & LUMN üò≠",0
RDDT COIN AMZN SAVE ME,1
"4 out of 5 after hours earnings!

AMZN, COIN, RDDT, RKT

Lost money on AAPL (I shorted it)",-1
RDDT FLAT TO FUCK BOTH SIDES LMAO,0
RDDT and AMZN just giving up all their gains \*sigh\*,1
AAPL gets a pump for ants,0
#AMZN LAYOFFS ARE BULLISH!!!,0
AMZN looks at the GOOG fade and goes hold my beer,0
LMAO RDDT,1
NFLX stock split means cheaper premiums! Gonna make puts cheaper,0
NFLX 10 for 1 stock split,0
MSFT calls. That is all,0
"I need some AAPL news, what's going on here??",0
NFLX 10 for 1,0
Let's see if AAPL brings the hulk dick to complete the SPY V-shaped recovery before AH closes.,-1
"You can't compare the $META CapEx expansion with $GOOG, $AMZN, $MSFT, or $ORCL because they have a cloud business with great margins. $META doesn't and is basically spending to create ""super intelligence"" which has proven to be a money losing business (Anthropic / OpenAI).",1
AMZN COOOP AND HANZEL,0
"MSTR: 

EPS: $8.42 vs. est. $7.90
Revenue: $128.7M vs. est. $118.3M",0
Can NVDA rebound?,0
Buying AAPL this much before the numbers are out is crazy work,-1
"Lfg AMZN. We gonna eat.

NFLX is cooked. Don't see a split bringing back the momo. RIP.",0
Well I looked at AMZN calls before close and decided too expensive. Went with AAPL instead. Hopefully both run like crazy.,1
AAPL GUH!,0
AAPL lol,1
apple LMAO,1
AAPL might be 250 end of next week,0
AAPL $250 incoming,0
cant wait for AAPL to open flat,0
AAPL announces they will just copy Samsung's guidance,0
Be pissed off I sold my AMZN 237.5C's at 2:30 today.,-1
looks like a lot of cash was waiting until after the Apple report. They‚Äôve decided to throw it at AMZN now lol,1
Congratz AMZN bulls. 245 calls might print if AH price holds.,0
lol AAPL tards spoke to soon,1
MSTR post market wylin,0
I really had AMZN calls and shares and sold yesterday for MSFT and META fml,1
"AAPL landing on that green double zero?

House wins.",1
AAPL LOL,1
Wtf AAPL is going Green AF now,-1
NFLX going to unload their bags to cheap retail now lol,1
Wtf AAPL GREEN DILDOING,-1
"Apple, Amazon, ever RDDT is green. While Netflix about to pump because of stock split. Now, just need MSFT, META and Google to follow the other MAG6 so we can pump hard tomorrow.",0
"Tim Apple:  FIRST MOVE FAKE, FUCKOS!",-1
Love you AMZN,1
Aapl and AMZN my beloved,1
"#Ban Bet Won
---

/u/daftonic made a bet that AAPL would go to 280.0 within **1 week** when it was 270.18 and it did, congrats gigabrain.

Their record is now 2 wins and 5 losses

[**Join WSB Discord**](https://discord.gg/wsbverse) | [**‚öî**](https://www.reddit.com/r/KarmaCave/)",1
Well this is good for my 300c on AAPL leaps but my puts for tomorrow is cooked,1
"Kept selling AMZN at 249.5 (cost 234.8, 235.75) and took profits üòÇüòÇ",1
"Tell me more about those AMZN layoffs, üåàüêªs",0
All eyes on TTD next week.  70s,0
MSTR beat big time. Holy sh*t,0
GO NVDA,0
"Does AMZN usually kill their gains on the call? Starting now, it might not be over yet...",-1
PYPL is fixing to go to outer space next week,0
do I listen to APPL or AMZN earnings call,0
Reformed BYND regard. AMA,0
EVERY SHIT POST YOU SEE IS MORE GAINS LMAO ü§å,1
"Fuck yes, AAPL. Good show.",1
If AMZN goes to 300 tomorrow I can take a 2month vacation,0
AMZN 250C's exp 3/20 going to be worth ???? tomorrow?,1
AMZN must have bought that 275 with expedited overnight shipping.,0
AMZN touching 255 üî•üî•üî•,0
$AAPL üëëüëëüëëüëë,0
AMZN causally bragging Anthropic using over 500k Trainium chips to train their next Claude model!!,0
AMZN still really cheap,0
$CAN. DIP. SCOOOOP.,0
PYPL a better company now than it was 3 years ago yet trading at 30% below the 2022 price levels. Heavily undervalued and this will inevitably bounce lol,1
TSLA options writers rich this month,1
Me see green AMZN & RDDT. Me happy long time,1
From 70k to 40k. I believe SOFI,0
"$AAPL expecting ‚ÄúDecember-quarter revenue to be the best ever for the company and the best ever for iPhone,"" ü´®",1
ONDS timeeee,0
bols were thinking it's over LMAO,1
"CVNA hate is hilarious

Stop trying to buy puts, buy calls on the dips regards LMAO",1
I have Amazon Prime. You‚Äôre welcome $AMZN bulls,1
AMZN is going to save me tomorrow,1
"Hopefully y'all are positioned in TSLA because let's be real, donkey boy is gonna get a shot at the incentive. They'll keep the narrative going.....",1
CRNT‚ÄîIt‚Äôs about to squirt,0
NEVER MIND TWIN BLOW YO SHI SMOOVE OFF,0
"Food stamps stopped because of shutdown.  People so squeezed by rising prices they're relying on MCD Monopoly to survive.


>With a government shutdown that's left people without pay, ceased SNAP benefits, and the rising cost of groceries in general, Americans are having a tough time. One way that some people are coping with this hardship is McDonald's and its Monopoly promotion, where customers can redeem codes in the app in exchange for food and prizes. The problem is, people are desperate enough right now that they're willing to do anything to exploit the promotional game, and it's driving both customers and workers alike to the brink.

>""u just fed me and my bf living in our car thank u,"" reads one top reply on the video, which calls app redemption the ""free-to-play"" version of McDonald's Monopoly.

>""Being able to eat something while having no money is so..rare,"" reads one [Reddit post](https://www.reddit.com/r/McDonalds/comments/1oibl74/im_not_gonna_lie_this_monopoly_sht_has_been_a/), which calls the Monopoly game a lifesaver. ""I've been dead broke for the past month, and while I do have a job, I won't get paid for another week.""


But yea AI and NVDA is fucking amazing right tech bros?  We're so blessed that it's delivering on all its promises and hype totally.  Oh I see, you need another 2% rate cut and government contracts for supercomputers, another 10x in stock price then we'll see the benefit.

>If there's one undercurrent to many posts discussing McDonald's Monopoly, it's exasperation. People are dumpster diving for the Monopoly pieces, going through the trash inside the store.

>Since some people are relying on McDonald's Monopoly exploits to avoid starving, the dwindling stock of codes has left customers confused and frustrated.

>""Honestly fed up with McDonalds Monopoly,"" reads one X post where the user claims that they've ordered multiple times without receiving any pieces.

>""I've been to three different McDonalds, and there's no Monopoly pieces,"" one annoyed customer reports on TikTok.

>""Where the f*ck are my Monopoly pieces?"" another customer on TikTok exclaims.",-1
What do we think AMZN is doing tomorrow at open?,0
Buying quantum stocks now is the same as buying NFTs in 2021 LMAOü§å,0
Do I sell my AMZN calls at open or continue to hold through 11/28,0
#God invented whiskey to stop Irish from conquering the world LMAOü§å,-1
Legitimately want to kill myself. Paper handed AAPL + AMZN calls,-1
#Bers hang out in front of 7-11 at night and ask people for money LMAOü§å,0
See you at Valhalla AMZN bagholders,0
NFLX stock split should have been announced at the earnings call. Those regards,0
"Lmao AAPL stabilizing somewhere around -1% from close. Well, IV Crush it is amigos, enjoy your -95% at open :)",1
Oh yeah AAPL green today. Back to ripping boys. Tech already rebounding AH,1
AMZN beats by this amount every single time and dumps the next day,-1
"Retards panic selling out of AMZN before earnings.

A fool and his money are soon parted.",-1
Is AAPL gonna fade?,0
I‚Äôm ok with being wrong about everything this week as long as MSTR tanks.,-1
#Yeah keep walking. That's what I thought. LMAOü§å,0
It this guys 2 likes I will buy ten billion shares of BYND,1
"AMZN earnings out

*AMAZON 3Q EPS $1.95, EST. $1.58

*AMAZON 3Q NET SALES $180.17B, EST. $177.82B

*AMAZON 3Q AWS NET SALES $33.01B, EST. $32.39B",0
"Bears FUCKED HARD BY AMAZON

LMAO",0
LMAO $RDDT IV fucking both bulls and bears with extra lube ü§åü§å,1
"Lol, NFLX split means a $30+ per-share increase?",1
AMZN never rockets after ER. Something fishy going on ü§î,0
AMZN about to have a historic shift in sentiment,0
Just send AMZN to 280 already,0
As long as AAPL and AMZN can keep this up we should expect to see SPY at 686 again at open no?,-1
##LMAO BEARS üêªü§£ü´µüèª,0
OPEN THE CASINO!,0
"AAPL + AMZN beat = New S&P all time highs tomorrow.  Mag2 about to carry, you heard it here 1st.",0
"Buying BYND is like betting on green at roulette, and people are just okay with that shit and are mad when it doesn‚Äôt work out",-1
"Lol I can't wait until ASTS comes out with yet another delay in the next 24hrs. They're almost as bad as Elon and self driving cars.¬†


I wonder what bullshit press release they'll bring out to pump the stock.",-1
"Cathie wood: ""A company that is underrated and a lot of investors don't understand is ROKU"" , she's just another regard",0
ONDS remains interesting,1
"BUY:


$NFLX üëç


$COIN¬†üëç


$RDDT¬†üëç",0
#Bers are so crooked that they could eat nails and shit corkscrews LMAOü§å,-1
"GUYS I AM IN A LOT OF TROUBLE RN WITH MY BYND POSITION

I AM OVERINVESTED

BY A LOT!!!!",-1
Should‚Äôve picked up more NVDA shares at 202.,1
"Okay so this crash is gonna be of biblical proportions-

NVDA‚Äôs market cap is 16% of US GDP right now.",-1
"BREAKING NEWS: 

RUSSELL 2000 TO BE RENAMED AS RUSSELL 20

S&P 500 TO BE RENAMED AS S&P 10

NASDAQ 100 TO BE RENAMED AS NASDAQ 7

SINCE EVERYTYHING ELSE IS RED EVERYDAY",0
Upvote this fr AAPL Calls,0
#bers are lacking in finer qualities of a gentleman LMAOü§å,0
"Many of my tech bros are stock millionaires being balls deep in NVDA, GOOG, META. Yet they dress like they‚Äôre poor and DCA every cent of their disposable 6 figure income. They have no mortgage and low spending habit. As long as they don‚Äôt sell, tech stocks are forever strong.",0
AMZN!,0
"just yolod my entire gambling acct into rddt for earnings, then yoloing into the dumb rklb dip, and then yoloing into the asts dip...I WILL TIME THIS!!!

**EDIT:**

**I'VE MADE A HUGE MISTAKE!!!!**

# 2ND EDIT: I'M NOT DEAD YET!!!!!!!!",1
GO GO GO GO,0
FUCK YEAH AMZN,-1
$180 billion for AMZN last quarter üëÄ,0
AMZN U SEXY BASTARD,0
My AMZN calls are bout to bust,0
thats a **HUGE** candle.,0
should have held my AMZN. Oh well.,1
"I feel nothing despite losing 30% of my portfolio, turns out GOOGL calls weren't free money if deep OTM",-1
Holy hell AMZN,-1
AMZN miss or wat,0
HOLY AMZN,0
AMZN earnings good! Hope for tomorrow. I'm sitting this one out today.,1
AMZN üòçüòçüòç,0
"Full porting AMZN was the easiest decision of my life

https://www.reddit.com/r/wallstreetbets/s/Z5H6Bofecd",1
AMZN $300 TMRW,0
AMZN drag META up please and thank youuuuuuuuuuuuuuuuuuu!,1
Holy shit AMZN,-1
Well fuck me for selling that 220c on AMZN,-1
AMZN 250C's exp 3/20 going to be worth ???? tomorrow?,1
AMZN üöÄüöÄüöÄ BOOOOOOYAAAAAAAH,0
AMZN didn‚Äôt wait. These mfs wanted to make a statement,0
AMZN ü•µü•µü•µ,0
Yooo that last minute AMZN dump was clutch for closing my 245 CCs,-1
WTF is NFLX not doing shit?!,-1
I would like it if AAPL would AMZN,1
AMZN I could kiss you,1
AAPL will announce a partnership tonight,0
AMZN had a great quarter even if AAPL misses it won‚Äôt bring markets down all that much. Not sure if the massive gains will hold tho. Might end up being up 5-6% tomorrow by close which is still a lot. We have to see what the ER does too. I remember a year or two ago AMZN reported earnings and rocketed before EC sent it flat.,1
GILEAD Q3 EARNINGS: ADJ EPS: $2.47 VS $2.13 EST || REVENUE: $7.77B VS $7.45B EST,0
RDDT with the takeout LMAO ü§°üëå,1
Wtf NFLX?!,-1
Why tf NFLX not announce stock split with earnings,0
NFLX finally listening to me and split,0
"WDC short puts, nice safe play for some lunch money",1
When is AAPL releasing numbers?,0
Muh AMZN puts fuckt,0
NFLX making moves wtf LMAOOOOOO,-1
AAPL 10-Q @ 4:20,0
NFLX is fucking. Dammit those calls were cheap. OTM $1150 lottos were selling for $.05-$.08 and those are about to print tomorrow,0
"Here‚Äôs my top3 for ma√±ana: Netflix into stock split pop.
BMNR mumbles of staking happening before endofyear.
AMZN because it‚Äôs already huge and showing how huge it‚Äôs growing to be.",1
Come on AAPL you bitch. Give us the numbers.,-1
"#Ban Bet Lost

/u/SwissCowOnMoon made a bet that INTC would go to 25.0 within **1 week** when it was 40.311 and it did not, so they were banned for a week.

Their record is now 0 wins and 1 losses

[**Join WSB Discord**](https://discord.gg/wsbverse) | [**‚öî**](https://www.reddit.com/r/KarmaCave/)",-1
"Buying more AVGO, TSM, ASML",0
AMZN x NBIS please,1
$MSTR says they have 10 quadrillion btc.. +10%,0
"Somewhere out there is a few left that are still holding BYND that bought during the squeeze and still refuse to accept reality. Look at $1.65 stock is not going up to $5 on its current volume. There was a billion volume the day it squeezed, that ain‚Äôt happening ever again!",0
lots of people here had puts on AMZN. LOL,1
"Come on AAPL, give me a solid 8% dump",-1
AAPL bankrupt,-1
Fuck AAPL. You just fucked my futures that were up big,-1
AAPL implied move is 3% anyone playing 1dtes might get smoked here. Seems like potentially a good entry for weekly puts tho tomorrow,1
Overreaction by AAPL?,0
There‚Äôs gotta be like 2 maybe 3 people that work at MSTR including Saylor right??? I mean the only operations need they have is to hit the BUY BTC button,1
"
Fucking shit AAPL",-1
"So AMZN, COIN, APPL, and MSTR all beat expectations.",0
What do you goons see as the downside risk to AMZN going forward? It's been so flat this year and it looks primed to rip. What am I missing?,-1
None of this AAPL shit matters unless it REALLY sells assuming most people picked up 267.5 puts theta is going to EAT,-1
"AAPLs don‚Äôt grow in the AMZN.
Bananas do, which look like Jensen‚Äôs cock (I‚Äôve seen it)
Calls on NVDA",1
AMZN pumping,0
AMZN 250 easy tomorrow,1
"Good Job AMZN, you are a true hero. BA killed my port and you just saved it.",1
WTF NFLX,-1
"Oh nice, AAPL beats expectations and goes up. Makes sense.",1
"Tomorrow, today never happened

MARK MY WORD",0
Lmao AAPL with the fakeout,1
Just wait until Timmy gets on the AAPL earnings call wearing one of Jobs archived black turtlenecks.  $290 tomorrow.,0
Legit the only mystery is MSFT drop after yesterday,-1
$WDC üëÄ,0
Sold my 12/19 $275 AAPL calls for a nice profit this morning. Can't complain when you make a profit but didn't think we would see $10+ pop on earnings. Hopefully it sticks to morning and carries SPY with it.,1
MRVL what‚Äôs the news??,0
"Thanks you AMZN and APPL, this year there will be candies for kids during Halloween.",1
"Bers, don‚Äôt you like how all the red candles of today (which don‚Äôt come by often) are evaporated in a few minutes after close? LMAO",1
AMZN has been my big dark horse position all year and I'm glad I held. Shit just printed so hard.,-1
I had a $252.5 call option on AMZN that i sold too early in the morning :(,-1
My AMZN leaps are going to print thank god,1
Alright. Fuck it! !banbet AMD 300 7d,-1
"Man, I‚Äôm glad my wife doesn‚Äôt look at her portfolio because she‚Äôd hate me at this AAPL value. Suggested her to sell at 190s in 2023. ü´£",0
So do I sell my AAPL 10/31 calls at open tomorrow? Or wait throughout the day? Confusing.,-1
I‚Äôve been breaking even playing AMZN calls for the past few months. It‚Äôs about damn time it moved meaningfully.,-1
Damn AMZN still going up? It might just open at 5% tomorrow instead of 3%,-1
I was in shares only but gonna be some sick gains on those AMZN 1dte tomorrow,0
"Full port calls HIMS earnings, into full port calls CELH, into NBIS = ez millionaire",1
Is this AAPL earnings call crushing my hopes again?,0
"I bought MRVL calls before the close. Its up 4% in AH.

If the AI bubble keeps bubbling, this is one tech stock that still has a lot of room to grow. Its down 25% from its high in January.",0
Sold my AMZN 240 calls at close :) end me,1
"Anybody listening to COIN Call? What are the numbers, outlooks?",0
"Took some $MSTR long, if butcoin goes 150k",0
"Was down $1000 today from META, but now up $1100 after AAPL and AMZN pumped",0
"Invested $22,000 so far to QQQ, SPY and MAGS calls this week.  
Will double down on both calls and puts tomorrow.",0
!banbet INTC 44 1D,0
"Some thicc ass mommy from WSB just game her number and wants me to text her so that she can show how she made millions on one trade. 

Gotta be a scam right? LMAO",-1
"Since the NEO bot has a person controlling them from time to time, will they still jerk me off? I'm not paying 20k to not fuck my robot",0
Did AMZN and AAPL go up from earnings or tariffs?,0
Is IV of 130 a lot for buying OPEN calls?,0
I knew NVDA was gonna hit 250; I‚Äôm just practicing,0
"Limited capital, Do I full port NVDA calls or META calls dated for January?",-1
NVTS EARNINGS ON MONDAY AFTER CLOSE. SHOULD HAVE SOME GOOD GUIDANCE I‚ÄôD THINK. ü§î üí≠,1
"MSFT chart post earnings starting to get real repetitive

https://preview.redd.it/fqm06w2jhcyf1.jpeg?width=1440&format=pjpg&auto=webp&s=e4578e556cd3fde8f386ec55f291b923d19f3e67",-1
You have 5 seconds to sell me on spending 20k on BYND right now.,0
Will AMZN pump tmrw? Debating whether or not to sell,0
The stock split is gonna make me play NFLX weeklies more often now.,1
Is VKTX gonna drop 40% again while im fooking sleeping? LOL,1
People betting against DKNG and FLUT?,0
Fucked in the ass with my $COIN put but we‚Äôll see what happens premarket.,-1
"With GOOG and AMZN crushing in pre market, wanted to get some other perspectives for some short term options. Are we going to see it go down or is this üöÄ",-1
What‚Äôs with all the blackberry NVDA talk. I‚Äôm down with it but why that shit ramping up lol,-1
Been doing well with $MU and $HII,1
Bout to see the craziest AMZN sell off at 9:30 üëÄ,0
"I can finally get a mortgage due to AMZN and earlier in the year AMD. I'm so happy boys, god bless the tendies, god bless Papa Buffet, and god bless the stonks market :')

It's been a wild ride up - total rate of return 51.2%, it's been one hell of a ride",1
"I lost $100k in the past week on BYND.

Cut my losses and now trying to figure out what to do with the cash I got out with. How would you invest $200k right now?",-1
#Your bags are heavier than Judas' sin LMAOü§å,-1
"I bought craploads of AMZN a few days before earnings, because it‚Äôs a cash cow. Sellers on AMZN pay a % of sales, pay for storage, pay for shipping, pay for returns, pay to be listed higher in searches, etc. Sellers sell for exposure, not to make real money. And then there‚Äôs AWS, self driving cars, Amazon Fresh, Whole Foods, IMDB, Ring, Amazon Robotics‚Ä¶
had a good day today",1
#bers overstayed their welcome after just one day LMAOü§å,1
Lmao people dumping Apple because they haven't reported yet and going in to AMZN,1
"Bitch ass bears YAPPING ""AMZN is fake"" ""RDDT first move is fake"" all the while refreshing WSB on Reddit and buying cheap bull costumes on Amazon

LMAO",-1
NFLX 1:10 stock split. Calls print bigly,0
NFLX 10-for-1 stock split,0
So did NFLX redo its earnings today and just cancel the last one?,-1
Is AAPL gonna dump or what,-1
AAPL IS DUMPING A BIT,-1
imagine if AAPL had beat expectations. We would have catapulted,0
"AAPL moving is whole $1 jumps both directions every millisecond is actually insane for a 4T company. Real time 267, 266, 265, 266, 267 and sometimes more than $1 per tick - wild",-1
"Wow it's looking like AAPL might be going back up to break even? well, that;s good for SPY tbh",1
What the AAPL,0
I think AMZN run is just starting. It has another 10% to run up till the end of the year.,0
AMZN and UPS were free money this week fr. And fuck uranium nobody uses ts,0
"Chase will be on tomorrow; gangbuster beats and AMZN has a lot of room to run with AWS firing on all cylinders again.

AMZN feels cheap compared to the rest of the megacaps.  Huge and growing backlog for AWS to keep growing at this kind of 18-22% rate.

""Only"" $2.5 trillion market cap on what is the biggest business in the world (AWS + their marketplace); easy path to $3-3.5 trillion as people see its valuation lagging the rest of the megacaps.

Would be a shock if AMZN isn't at $280-300 over the next few months.  Just like GOOGL caught up the past few months, AMZN is the next runner for tech.",1
AAPL already fading,0
"You know what. SOFI is a great company, but the price action on that thing makes it one of the biggest pieces of shit on the market. It‚Äôs become famous for irrationally tanking on a great earnings. Had $10k worth of 2026 calls that I was going to take profits on and then buy RDDT and AMZN calls before their earnings . Instead of turning that $10k into $100k, it‚Äôs now $6k. Thank you, SOFI",1
#Bear Hunter: the patron saint of stock traders (specifically bulls) LMAOü§å,0
I have more faith in Chipotle recovering back to $40 than BYND back to $2. Calls.,1
"lowkey im long for  NBIS, IREN, PATH, NVDA,POET, ATZ, and DOCN",0
AMZN $350 EOD,0
AAPL will miss...,0
AAPL is trading at a 45 PE it‚Äôs insanely overpriced,0
NVDA to 220 today trust me,1
#Sydney Sweeney is only 27? Then why does she look 35 at least LMAOü§å,0
"AMZN up 14%, AAPL up 4%, RDDT up 11%

The music is blaring and the AI bubble is still growing.",0
"#Mag7 scorecard so far:

#Netflix - missüî¥

#Tesla - missüî¥

#Meta - missüî¥

#Microsoft - missüî¥

#Google - beatüü¢

#Apple - beatüü¢

#Nvidia - 

#Amazon - beatüü¢

#LMAOü§å",0
"How many regards laughed at me today when I was buying AMZN and AAPL as a no-brainer.

üòÇüòÇüòÇ",1
#Bers messed up properly didn't they? LMAOü§å,-1
#Just as I predicted LMAOü§å,0
COME ON APPLE,0
Can AMZN and AAPL prop the market up tomorrow and save us all?,1
NFLX 10 for 1 stock split,0
"#Ban Bet Won
---

/u/ShadyPotatoTrader made a bet that AAPL would go to 266.03 within **1 day** when it was 271.46 and it did, congrats fucker.

Their record is now 3 wins and 2 losses

[**Join WSB Discord**](https://discord.gg/wsbverse) | [**‚öî**](https://www.reddit.com/r/KarmaCave/)",1
Guidance won't save you AAPL,-1
Holy shit AMZN is ripping even with that fumble from Tim Apple,-1
APPL and AMZN - bearslayers of the day,0
Did AAPL announce a new iPhone that can wipe your ass with AI?,-1
"Thank u AAPL. 
My port is half saved",1
AAPL up 2% on iPhone sales miss. Thankfully I only bought one put FD. These earnings reports don‚Äôt make a lot of sense at times. I remember earlier this year I went long on QCOM. Had a solid quarter nothing bad about it and the stock fell 8% it proceeded to go up 10-15% the following week after its report. I have no idea how algos price these things,1
290 AAPL TMRW,0
"I went from down -43$ to +11.2$ on META buy the dip today. Thank you Jassy and Tim Apple. Thank you NFLX, made another +8$. Epic winning",1
GOOGL cloud and AWS completely crushing it lately üöÄ.,-1
"My largest positions are AMZN and AAPL, AMZN I can justify bit AAPL with barely any growth and a 42 p/e ? Very bubbly",1
no way AMZN holds this much of a pump‚Ä¶,-1
"$DOCN Moonshot



Listen up you degenerates.  $DOCN is about to fire off like a Musk rocket to the moon. 

https://www.reddit.com/r/wallstreetbets/s/nQsfc7B9Cw

Perfect Degen Diligence above, just wrong timing‚Ä¶.   ER is next week!  Look at the past few earnings reports and you‚Äôll see why this is a no brainer.  

Q2 ER launched the stonk from $27 to $35, a measly 35% overnight.  

Both AMZN and GOOG just ripped off earnings and reporting cloud computing as large.  Guess what DOCN specializes in, good job Sherlock.  

Time to band together and retrieve the bag holders from the previous mistimed degen diligence (although we‚Äôll put together) and ride this ocean into the sunset!

Swinging 11/14s FTW",1
"isn't it kinda absurd that NVDA's market cap is larger than the GDP of every country in the world, other than USA and China? üëÄ",0
They say the average IQ in Colombia is 85,0
#How expensive can a banana be? 10 dollars? LMAOü§å,0
"#To the victor, spoils LMAOü§å",0
AAPL red by tomorrow,0
AAPL saving META from the grave? Let it be true,0
#Bers were raised on sour milk LMAOü§å,0
"jerome remains bullish, confirms no ai bubble yet they still buy puts LMAO ü§å",1
There is legitimately 0 reason for AAPL to be up $10 right now this is fucking stupid man,-1
#Futes fadin hard LMAOü§å,0
#At this rate we'll open red LMAOü§å,0
#In Mexico they call me ‚ÄúCazador de Osos.‚Äù üêªüéØ LMAOü§å,0
#Looks like Reddit saved a lot of money by getting rid of emojis LMAOü§å,1
Bought CHTR calls wish me luck,1
"#Ban Bet Won
---

/u/TheSmartest_idiot made a bet that AMZN would go to 231.44 within **1 day** when it was 226.9 and it did, congrats autist.

Their record is now 2 wins and 0 losses

[**Join WSB Discord**](https://discord.gg/wsbverse) | [**‚öî**](https://www.reddit.com/r/KarmaCave/)",1
"#Ban Bet Won
---

/u/NOMERCYDLKH made a bet that AMZN would go to 236.63 within **1 day** when it was 227.53 and it did, congrats autist.

Their record is now 5 wins and 5 losses

[**Join WSB Discord**](https://discord.gg/wsbverse) | [**‚öî**](https://www.reddit.com/r/KarmaCave/)",1
I bought puts on AAPL - am I regarded?,0
AMZN LETS GO,0
Thank fuck at least AMZN is saving my port god bless,1
AMZN go brrr,0
lol wait why is AMZN spiking already? Its only 2 min after close,1
"#Ban Bet Won
---

/u/InterestingFix2588 made a bet that AMZN would go to 243.56 within **3 days** when it was 227.62 and it did, congrats you fuckin nerd.

Their record is now 1 wins and 0 losses

[**Join WSB Discord**](https://discord.gg/wsbverse) | [**‚öî**](https://www.reddit.com/r/KarmaCave/)",1
LETS GO JEFF,0
I CASHED ON ROKU PUTS AND CASHED ON AMZN. MSTR YOU ARE NEXT,0
